id,speaker,speech_file,speech_start,speech_end,noise_file,noise_start,noise_end,snr_dB
00000,p001,emo_adoration_freeform,0,160000,file093_000000000_loc09_day1,6423388,6583388,1.2
00001,p001,emo_adoration_freeform,160000,-1,file093_000000000_loc09_day1,6583388,6674609,1.2
00002,p001,emo_adoration_sentences,0,-1,file027_056160000_loc05_day3,54886,255389,6.4
00003,p001,emo_amazement_freeform,0,160000,file014_030240000_loc05_day2,87498,247498,14.8
00004,p001,emo_amazement_freeform,160000,-1,file014_030240000_loc05_day2,247498,314419,14.8
00005,p001,emo_amazement_sentences,0,-1,file047_050400000_loc05_day4,278167,418118,10.5
00006,p001,emo_amusement_freeform,0,160000,file166_019680000_loc17_day1,321879,481879,14.1
00007,p001,emo_amusement_freeform,160000,-1,file166_019680000_loc17_day1,481879,573785,14.1
00008,p001,emo_amusement_sentences,0,-1,file136_015360000_loc26_day1,103355,252513,1.2
00009,p001,emo_anger_freeform,0,160000,file039_000000000_loc05_day4,1307371,1467371,-2.0
00010,p001,emo_anger_freeform,160000,-1,file039_000000000_loc05_day4,1467371,1549127,-2.0
00011,p001,emo_anger_sentences,0,-1,file172_007200000_loc17_day2,6113790,6299085,0.3
00012,p001,emo_confusion_freeform,0,160000,file005_008640000_loc05_day1,648143,808143,2.2
00013,p001,emo_confusion_freeform,160000,-1,file005_008640000_loc05_day1,808143,887051,2.2
00014,p001,emo_confusion_sentences,0,-1,file028_018720000_loc05_day3,67435,175683,7.8
00015,p001,emo_contentment_freeform,0,160000,file167_042240000_loc17_day1,3890,163890,11.1
00016,p001,emo_contentment_freeform,160000,-1,file167_042240000_loc17_day1,163890,245900,11.1
00017,p001,emo_contentment_sentences,0,-1,file013_055200000_loc05_day2,21777,153618,16.5
00018,p001,emo_cuteness_freeform,0,160000,file124_036480000_loc19_day3,205041,365041,5.2
00019,p001,emo_cuteness_freeform,160000,-1,file124_036480000_loc19_day3,365041,445276,5.2
00020,p001,emo_cuteness_sentences,0,-1,file212_000000000_loc15_day2,18602881,18752041,11.2
00021,p001,emo_desire_freeform,0,160000,file172_030720000_loc17_day2,4056518,4216518,9.7
00022,p001,emo_desire_freeform,160000,-1,file172_030720000_loc17_day2,4216518,4305188,9.7
00023,p001,emo_desire_sentences,0,-1,file226_033600000_loc07_day1,1870928,2053162,2.7
00024,p001,emo_disappointment_freeform,0,160000,file134_031680000_loc23_day2,208261,368261,1.7
00025,p001,emo_disappointment_freeform,160000,-1,file134_031680000_loc23_day2,368261,453639,1.7
00026,p001,emo_disappointment_sentences,0,-1,file047_033600000_loc05_day4,202283,384634,16.3
00027,p001,emo_disgust_freeform,0,160000,file066_027360000_loc10_day3,3047262,3207262,15.9
00028,p001,emo_disgust_freeform,160000,-1,file066_027360000_loc10_day3,3207262,3277092,15.9
00029,p001,emo_disgust_sentences,0,-1,file057_004800000_loc10_day1,257750,440802,7.9
00030,p001,emo_distress_freeform,0,-1,file220_054720000_loc20_day1,23247,244783,12.4
00031,p001,emo_distress_sentences,0,-1,file038_004320000_loc05_day4,86807,257060,4.6
00032,p001,emo_embarassment_freeform,0,160000,file164_010560000_loc17_day1,516588,676588,0.3
00033,p001,emo_embarassment_freeform,160000,-1,file164_010560000_loc17_day1,676588,756346,0.3
00034,p001,emo_embarassment_sentences,0,-1,file005_004320000_loc05_day1,48984,232151,17.2
00035,p001,emo_extasy_freeform,0,160000,file026_016320000_loc05_day3,136330,296330,1.5
00036,p001,emo_extasy_freeform,160000,-1,file026_016320000_loc05_day3,296330,372098,1.5
00037,p001,emo_extasy_sentences,0,-1,file028_020640000_loc05_day3,61858,213890,12.9
00038,p001,emo_fear_freeform,0,160000,file058_046560000_loc10_day1,64505,224505,-0.2
00039,p001,emo_fear_freeform,160000,-1,file058_046560000_loc10_day1,224505,314664,-0.2
00040,p001,emo_fear_sentences,0,-1,file142_000000000_loc30_day1,996107,1179266,4.1
00041,p001,emo_guilt_freeform,0,160000,file163_041280000_loc17_day1,77373,237373,4.0
00042,p001,emo_guilt_freeform,160000,-1,file163_041280000_loc17_day1,237373,317219,4.0
00043,p001,emo_guilt_sentences,0,-1,file091_022080000_loc38_day1,194407,317555,3.0
00044,p001,emo_interest_freeform,0,160000,file200_012480000_loc03_day1,491234,651234,-0.1
00045,p001,emo_interest_freeform,160000,-1,file200_012480000_loc03_day1,651234,730448,-0.1
00046,p001,emo_interest_sentences,0,-1,file111_008640000_loc16_day1,12766976,12917659,11.9
00047,p001,emo_neutral_freeform,0,160000,file163_041280000_loc17_day1,206,160206,6.1
00048,p001,emo_neutral_freeform,160000,-1,file163_041280000_loc17_day1,160206,248725,6.1
00049,p001,emo_neutral_sentences,0,-1,file078_058080000_loc31_day1,181708,331203,1.5
00050,p001,emo_pain_freeform,0,-1,file150_058080000_loc37_day1,122096,317766,3.8
00051,p001,emo_pain_sentences,0,-1,file185_000000000_loc41_day1,5654237,5820659,0.3
00052,p001,emo_pride_freeform,0,160000,file237_036960000_loc08_day1,3344014,3504014,12.6
00053,p001,emo_pride_freeform,160000,-1,file237_036960000_loc08_day1,3504014,3584878,12.6
00054,p001,emo_pride_sentences,0,160000,file087_058080000_loc38_day1,999238,1159238,3.3
00055,p001,emo_pride_sentences,160000,-1,file087_058080000_loc38_day1,1159238,1223740,3.3
00056,p001,emo_realization_freeform,0,160000,file014_012960000_loc05_day2,43585,203585,10.0
00057,p001,emo_realization_freeform,160000,-1,file014_012960000_loc05_day2,203585,316751,10.0
00058,p001,emo_realization_sentences,0,160000,file060_011040000_loc10_day2,14643995,14803995,13.6
00059,p001,emo_realization_sentences,160000,-1,file060_011040000_loc10_day2,14803995,14884763,13.6
00060,p001,emo_relief_freeform,0,160000,file081_040800000_loc36_day1,152906,312906,4.0
00061,p001,emo_relief_freeform,160000,-1,file081_040800000_loc36_day1,312906,391822,4.0
00062,p001,emo_relief_sentences,0,-1,file095_028800000_loc09_day1,2484413,2652619,-0.3
00063,p001,emo_sadness_freeform,0,160000,file187_039360000_loc41_day1,5697469,5857469,-2.5
00064,p001,emo_sadness_freeform,160000,-1,file187_039360000_loc41_day1,5857469,5936906,-2.5
00065,p001,emo_sadness_sentences,0,-1,file228_039840000_loc07_day1,402690,580139,-2.4
00066,p001,emo_serenity_freeform,0,160000,file127_012960000_loc23_day1,14381704,14541704,7.2
00067,p001,emo_serenity_freeform,160000,-1,file127_012960000_loc23_day1,14541704,14670452,7.2
00068,p001,emo_serenity_sentences,0,-1,file021_030240000_loc05_day3,1586409,1732904,4.3
00069,p001,freeform_speech_01,0,160000,file177_000000000_loc27_day1,65318,225318,7.4
00070,p001,freeform_speech_01,160000,320000,file177_000000000_loc27_day1,225318,385318,7.4
00071,p001,freeform_speech_01,320000,480000,file177_000000000_loc27_day1,385318,545318,7.4
00072,p001,freeform_speech_01,480000,640000,file177_000000000_loc27_day1,545318,705318,7.4
00073,p001,freeform_speech_01,640000,800000,file177_000000000_loc27_day1,705318,865318,7.4
00074,p001,freeform_speech_01,800000,960000,file177_000000000_loc27_day1,865318,1025318,7.4
00075,p001,freeform_speech_01,960000,1120000,file177_000000000_loc27_day1,1025318,1185318,7.4
00076,p001,freeform_speech_01,1120000,1280000,file177_000000000_loc27_day1,1185318,1345318,7.4
00077,p001,freeform_speech_01,1280000,1440000,file177_000000000_loc27_day1,1345318,1505318,7.4
00078,p001,freeform_speech_01,1440000,1600000,file177_000000000_loc27_day1,1505318,1665318,7.4
00079,p001,freeform_speech_01,1600000,1760000,file177_000000000_loc27_day1,1665318,1825318,7.4
00080,p001,freeform_speech_01,1760000,1920000,file177_000000000_loc27_day1,1825318,1985318,7.4
00081,p001,freeform_speech_01,1920000,2080000,file177_000000000_loc27_day1,1985318,2145318,7.4
00082,p001,freeform_speech_01,2080000,2240000,file177_000000000_loc27_day1,2145318,2305318,7.4
00083,p001,freeform_speech_01,2240000,2400000,file177_000000000_loc27_day1,2305318,2465318,7.4
00084,p001,freeform_speech_01,2400000,2560000,file177_000000000_loc27_day1,2465318,2625318,7.4
00085,p001,freeform_speech_01,2560000,2720000,file177_000000000_loc27_day1,2625318,2785318,7.4
00086,p001,freeform_speech_01,2720000,-1,file177_000000000_loc27_day1,2785318,2947074,7.4
00087,p001,freeform_speech_02,0,160000,file057_022560000_loc10_day1,4965050,5125050,9.7
00088,p001,freeform_speech_02,160000,320000,file057_022560000_loc10_day1,5125050,5285050,9.7
00089,p001,freeform_speech_02,320000,480000,file057_022560000_loc10_day1,5285050,5445050,9.7
00090,p001,freeform_speech_02,480000,640000,file057_022560000_loc10_day1,5445050,5605050,9.7
00091,p001,freeform_speech_02,640000,800000,file057_022560000_loc10_day1,5605050,5765050,9.7
00092,p001,freeform_speech_02,800000,960000,file057_022560000_loc10_day1,5765050,5925050,9.7
00093,p001,freeform_speech_02,960000,1120000,file057_022560000_loc10_day1,5925050,6085050,9.7
00094,p001,freeform_speech_02,1120000,1280000,file057_022560000_loc10_day1,6085050,6245050,9.7
00095,p001,freeform_speech_02,1280000,1440000,file057_022560000_loc10_day1,6245050,6405050,9.7
00096,p001,freeform_speech_02,1440000,1600000,file057_022560000_loc10_day1,6405050,6565050,9.7
00097,p001,freeform_speech_02,1600000,1760000,file057_022560000_loc10_day1,6565050,6725050,9.7
00098,p001,freeform_speech_02,1760000,1920000,file057_022560000_loc10_day1,6725050,6885050,9.7
00099,p001,freeform_speech_02,1920000,2080000,file057_022560000_loc10_day1,6885050,7045050,9.7
00100,p001,freeform_speech_02,2080000,2240000,file057_022560000_loc10_day1,7045050,7205050,9.7
00101,p001,freeform_speech_02,2240000,2400000,file057_022560000_loc10_day1,7205050,7365050,9.7
00102,p001,freeform_speech_02,2400000,2560000,file057_022560000_loc10_day1,7365050,7525050,9.7
00103,p001,freeform_speech_02,2560000,2720000,file057_022560000_loc10_day1,7525050,7685050,9.7
00104,p001,freeform_speech_02,2720000,-1,file057_022560000_loc10_day1,7685050,7855118,9.7
00105,p001,freeform_speech_03,0,160000,file222_043680000_loc20_day1,513153,673153,8.1
00106,p001,freeform_speech_03,160000,320000,file222_043680000_loc20_day1,673153,833153,8.1
00107,p001,freeform_speech_03,320000,480000,file222_043680000_loc20_day1,833153,993153,8.1
00108,p001,freeform_speech_03,480000,640000,file222_043680000_loc20_day1,993153,1153153,8.1
00109,p001,freeform_speech_03,640000,800000,file222_043680000_loc20_day1,1153153,1313153,8.1
00110,p001,freeform_speech_03,800000,960000,file222_043680000_loc20_day1,1313153,1473153,8.1
00111,p001,freeform_speech_03,960000,1120000,file222_043680000_loc20_day1,1473153,1633153,8.1
00112,p001,freeform_speech_03,1120000,1280000,file222_043680000_loc20_day1,1633153,1793153,8.1
00113,p001,freeform_speech_03,1280000,1440000,file222_043680000_loc20_day1,1793153,1953153,8.1
00114,p001,freeform_speech_03,1440000,1600000,file222_043680000_loc20_day1,1953153,2113153,8.1
00115,p001,freeform_speech_03,1600000,1760000,file222_043680000_loc20_day1,2113153,2273153,8.1
00116,p001,freeform_speech_03,1760000,1920000,file222_043680000_loc20_day1,2273153,2433153,8.1
00117,p001,freeform_speech_03,1920000,2080000,file222_043680000_loc20_day1,2433153,2593153,8.1
00118,p001,freeform_speech_03,2080000,2240000,file222_043680000_loc20_day1,2593153,2753153,8.1
00119,p001,freeform_speech_03,2240000,2400000,file222_043680000_loc20_day1,2753153,2913153,8.1
00120,p001,freeform_speech_03,2400000,2560000,file222_043680000_loc20_day1,2913153,3073153,8.1
00121,p001,freeform_speech_03,2560000,2720000,file222_043680000_loc20_day1,3073153,3233153,8.1
00122,p001,freeform_speech_03,2720000,2880000,file222_043680000_loc20_day1,3233153,3393153,8.1
00123,p001,freeform_speech_03,2880000,-1,file222_043680000_loc20_day1,3393153,3476165,8.1
00124,p001,freeform_speech_04,0,160000,file141_021600000_loc30_day1,2206903,2366903,2.3
00125,p001,freeform_speech_04,160000,320000,file141_021600000_loc30_day1,2366903,2526903,2.3
00126,p001,freeform_speech_04,320000,480000,file141_021600000_loc30_day1,2526903,2686903,2.3
00127,p001,freeform_speech_04,480000,640000,file141_021600000_loc30_day1,2686903,2846903,2.3
00128,p001,freeform_speech_04,640000,800000,file141_021600000_loc30_day1,2846903,3006903,2.3
00129,p001,freeform_speech_04,800000,960000,file141_021600000_loc30_day1,3006903,3166903,2.3
00130,p001,freeform_speech_04,960000,1120000,file141_021600000_loc30_day1,3166903,3326903,2.3
00131,p001,freeform_speech_04,1120000,1280000,file141_021600000_loc30_day1,3326903,3486903,2.3
00132,p001,freeform_speech_04,1280000,1440000,file141_021600000_loc30_day1,3486903,3646903,2.3
00133,p001,freeform_speech_04,1440000,1600000,file141_021600000_loc30_day1,3646903,3806903,2.3
00134,p001,freeform_speech_04,1600000,1760000,file141_021600000_loc30_day1,3806903,3966903,2.3
00135,p001,freeform_speech_04,1760000,1920000,file141_021600000_loc30_day1,3966903,4126903,2.3
00136,p001,freeform_speech_04,1920000,2080000,file141_021600000_loc30_day1,4126903,4286903,2.3
00137,p001,freeform_speech_04,2080000,2240000,file141_021600000_loc30_day1,4286903,4446903,2.3
00138,p001,freeform_speech_04,2240000,2400000,file141_021600000_loc30_day1,4446903,4606903,2.3
00139,p001,freeform_speech_04,2400000,2560000,file141_021600000_loc30_day1,4606903,4766903,2.3
00140,p001,freeform_speech_04,2560000,2720000,file141_021600000_loc30_day1,4766903,4926903,2.3
00141,p001,freeform_speech_04,2720000,2880000,file141_021600000_loc30_day1,4926903,5086903,2.3
00142,p001,freeform_speech_04,2880000,-1,file141_021600000_loc30_day1,5086903,5186409,2.3
00143,p001,freeform_speech_05,0,160000,file215_048000000_loc21_day1,22671,182671,14.2
00144,p001,freeform_speech_05,160000,320000,file215_048000000_loc21_day1,182671,342671,14.2
00145,p001,freeform_speech_05,320000,480000,file215_048000000_loc21_day1,342671,502671,14.2
00146,p001,freeform_speech_05,480000,640000,file215_048000000_loc21_day1,502671,662671,14.2
00147,p001,freeform_speech_05,640000,800000,file215_048000000_loc21_day1,662671,822671,14.2
00148,p001,freeform_speech_05,800000,960000,file215_048000000_loc21_day1,822671,982671,14.2
00149,p001,freeform_speech_05,960000,1120000,file215_048000000_loc21_day1,982671,1142671,14.2
00150,p001,freeform_speech_05,1120000,1280000,file215_048000000_loc21_day1,1142671,1302671,14.2
00151,p001,freeform_speech_05,1280000,1440000,file215_048000000_loc21_day1,1302671,1462671,14.2
00152,p001,freeform_speech_05,1440000,1600000,file215_048000000_loc21_day1,1462671,1622671,14.2
00153,p001,freeform_speech_05,1600000,1760000,file215_048000000_loc21_day1,1622671,1782671,14.2
00154,p001,freeform_speech_05,1760000,1920000,file215_048000000_loc21_day1,1782671,1942671,14.2
00155,p001,freeform_speech_05,1920000,2080000,file215_048000000_loc21_day1,1942671,2102671,14.2
00156,p001,freeform_speech_05,2080000,2240000,file215_048000000_loc21_day1,2102671,2262671,14.2
00157,p001,freeform_speech_05,2240000,2400000,file215_048000000_loc21_day1,2262671,2422671,14.2
00158,p001,freeform_speech_05,2400000,2560000,file215_048000000_loc21_day1,2422671,2582671,14.2
00159,p001,freeform_speech_05,2560000,2720000,file215_048000000_loc21_day1,2582671,2742671,14.2
00160,p001,freeform_speech_05,2720000,-1,file215_048000000_loc21_day1,2742671,2917534,14.2
00161,p001,freeform_speech_06,0,160000,file202_026400000_loc11_day1,6404003,6564003,-2.2
00162,p001,freeform_speech_06,160000,320000,file202_026400000_loc11_day1,6564003,6724003,-2.2
00163,p001,freeform_speech_06,320000,480000,file202_026400000_loc11_day1,6724003,6884003,-2.2
00164,p001,freeform_speech_06,480000,640000,file202_026400000_loc11_day1,6884003,7044003,-2.2
00165,p001,freeform_speech_06,640000,800000,file202_026400000_loc11_day1,7044003,7204003,-2.2
00166,p001,freeform_speech_06,800000,960000,file202_026400000_loc11_day1,7204003,7364003,-2.2
00167,p001,freeform_speech_06,960000,1120000,file202_026400000_loc11_day1,7364003,7524003,-2.2
00168,p001,freeform_speech_06,1120000,1280000,file202_026400000_loc11_day1,7524003,7684003,-2.2
00169,p001,freeform_speech_06,1280000,1440000,file202_026400000_loc11_day1,7684003,7844003,-2.2
00170,p001,freeform_speech_06,1440000,1600000,file202_026400000_loc11_day1,7844003,8004003,-2.2
00171,p001,freeform_speech_06,1600000,1760000,file202_026400000_loc11_day1,8004003,8164003,-2.2
00172,p001,freeform_speech_06,1760000,1920000,file202_026400000_loc11_day1,8164003,8324003,-2.2
00173,p001,freeform_speech_06,1920000,2080000,file202_026400000_loc11_day1,8324003,8484003,-2.2
00174,p001,freeform_speech_06,2080000,2240000,file202_026400000_loc11_day1,8484003,8644003,-2.2
00175,p001,freeform_speech_06,2240000,2400000,file202_026400000_loc11_day1,8644003,8804003,-2.2
00176,p001,freeform_speech_06,2400000,2560000,file202_026400000_loc11_day1,8804003,8964003,-2.2
00177,p001,freeform_speech_06,2560000,2720000,file202_026400000_loc11_day1,8964003,9124003,-2.2
00178,p001,freeform_speech_06,2720000,-1,file202_026400000_loc11_day1,9124003,9288646,-2.2
00179,p001,rainbow_01_fast,0,-1,file215_048000000_loc21_day1,142483,259531,10.4
00180,p001,rainbow_01_highpitch,0,-1,file191_019200000_loc00_day1,71295,193986,7.9
00181,p001,rainbow_01_loud,0,-1,file195_018720000_loc33_day1,1802,148702,4.3
00182,p001,rainbow_01_lowpitch,0,-1,file068_000960000_loc10_day3,3717270,3855033,8.3
00183,p001,rainbow_01_regular,0,-1,file076_000000000_loc31_day1,8536326,8659821,10.7
00184,p001,rainbow_01_slow,0,-1,file121_039360000_loc19_day2,16371,205733,8.1
00185,p001,rainbow_01_whisper,0,-1,file032_050400000_loc06_day3,1414447,1539345,16.8
00186,p001,rainbow_02_fast,0,-1,file223_000000000_loc42_day1,1241082,1377406,1.3
00187,p001,rainbow_02_highpitch,0,-1,file013_033120000_loc05_day2,1682,155594,12.0
00188,p001,rainbow_02_loud,0,-1,file167_042240000_loc17_day1,6295,178742,5.6
00189,p001,rainbow_02_lowpitch,0,-1,file137_039840000_loc26_day1,32711,215361,13.2
00190,p001,rainbow_02_regular,0,-1,file071_000000000_loc29_day1,179426,350095,4.9
00191,p001,rainbow_02_slow,0,160000,file157_006240000_loc43_day1,21104792,21264792,-2.4
00192,p001,rainbow_02_slow,160000,-1,file157_006240000_loc43_day1,21264792,21346218,-2.4
00193,p001,rainbow_02_whisper,0,-1,file205_082080000_loc32_day1,2869,180452,6.5
00194,p001,rainbow_03_fast,0,-1,file025_048480000_loc05_day3,94179,267295,11.7
00195,p001,rainbow_03_highpitch,0,-1,file208_001440000_loc14_day1,877844,1076555,1.1
00196,p001,rainbow_03_loud,0,-1,file021_000480000_loc05_day3,128391,329758,14.5
00197,p001,rainbow_03_lowpitch,0,-1,file135_025920000_loc23_day2,4301754,4512060,4.9
00198,p001,rainbow_03_regular,0,-1,file228_048960000_loc07_day1,116381,315496,17.0
00199,p001,rainbow_03_slow,0,160000,file082_000000000_loc36_day1,6105525,6265525,15.6
00200,p001,rainbow_03_slow,160000,-1,file082_000000000_loc36_day1,6265525,6375132,15.6
00201,p001,rainbow_03_whisper,0,160000,file082_091680000_loc36_day1,2014484,2174484,7.6
00202,p001,rainbow_03_whisper,160000,-1,file082_091680000_loc36_day1,2174484,2245677,7.6
00203,p001,rainbow_04_fast,0,-1,file038_004320000_loc05_day4,136672,306046,1.4
00204,p001,rainbow_04_highpitch,0,-1,file100_041760000_loc09_day2,3772962,3991271,12.9
00205,p001,rainbow_04_loud,0,-1,file137_024960000_loc26_day1,711851,911609,16.3
00206,p001,rainbow_04_lowpitch,0,-1,file198_052800000_loc03_day1,1346932,1556367,15.2
00207,p001,rainbow_04_regular,0,-1,file103_000000000_loc09_day2,10320368,10527291,8.6
00208,p001,rainbow_04_slow,0,160000,file125_012000000_loc19_day3,3605179,3765179,14.6
00209,p001,rainbow_04_slow,160000,-1,file125_012000000_loc19_day3,3765179,3860503,14.6
00210,p001,rainbow_04_whisper,0,160000,file201_000000000_loc11_day1,9814996,9974996,1.3
00211,p001,rainbow_04_whisper,160000,-1,file201_000000000_loc11_day1,9974996,10051768,1.3
00212,p001,rainbow_05_fast,0,-1,file207_035040000_loc14_day1,216386,401770,0.9
00213,p001,rainbow_05_highpitch,0,-1,file003_043200000_loc05_day1,1017703,1234334,-1.1
00214,p001,rainbow_05_loud,0,-1,file194_018720000_loc33_day1,273237,490243,4.7
00215,p001,rainbow_05_lowpitch,0,160000,file176_000000000_loc27_day1,10192257,10352257,4.0
00216,p001,rainbow_05_lowpitch,160000,-1,file176_000000000_loc27_day1,10352257,10432039,4.0
00217,p001,rainbow_05_regular,0,-1,file167_019680000_loc17_day1,105864,317992,11.5
00218,p001,rainbow_05_slow,0,160000,file205_111360000_loc32_day1,2332514,2492514,2.6
00219,p001,rainbow_05_slow,160000,-1,file205_111360000_loc32_day1,2492514,2606234,2.6
00220,p001,rainbow_05_whisper,0,160000,file187_035520000_loc41_day1,219963,379963,7.7
00221,p001,rainbow_05_whisper,160000,-1,file187_035520000_loc41_day1,379963,452705,7.7
00222,p001,rainbow_06_fast,0,-1,file232_035520000_loc25_day1,2361664,2494682,-1.1
00223,p001,rainbow_06_highpitch,0,-1,file028_053280000_loc05_day3,222155,377102,15.2
00224,p001,rainbow_06_loud,0,-1,file027_040800000_loc05_day3,32097,185799,-0.6
00225,p001,rainbow_06_lowpitch,0,-1,file020_003840000_loc05_day3,118834,287503,6.8
00226,p001,rainbow_06_regular,0,-1,file206_017280000_loc14_day1,4479125,4632311,9.3
00227,p001,rainbow_06_slow,0,-1,file122_012960000_loc19_day2,1118889,1326993,14.0
00228,p001,rainbow_06_whisper,0,-1,file014_021120000_loc05_day2,113632,285882,14.1
00229,p001,rainbow_07_fast,0,-1,file022_046080000_loc05_day3,1004646,1201788,-0.8
00230,p001,rainbow_07_highpitch,0,-1,file201_035520000_loc11_day1,449395,662129,5.7
00231,p001,rainbow_07_loud,0,160000,file016_000000000_loc05_day2,203687,363687,12.0
00232,p001,rainbow_07_loud,160000,-1,file016_000000000_loc05_day2,363687,427725,12.0
00233,p001,rainbow_07_lowpitch,0,160000,file137_004800000_loc26_day1,222866,382866,13.4
00234,p001,rainbow_07_lowpitch,160000,-1,file137_004800000_loc26_day1,382866,491264,13.4
00235,p001,rainbow_07_regular,0,160000,file011_000000000_loc05_day2,1598809,1758809,-2.0
00236,p001,rainbow_07_regular,160000,-1,file011_000000000_loc05_day2,1758809,1842653,-2.0
00237,p001,rainbow_07_slow,0,160000,file046_000000000_loc05_day4,183062,343062,6.1
00238,p001,rainbow_07_slow,160000,-1,file046_000000000_loc05_day4,343062,510368,6.1
00239,p001,rainbow_07_whisper,0,160000,file060_011040000_loc10_day2,6095929,6255929,15.8
00240,p001,rainbow_07_whisper,160000,-1,file060_011040000_loc10_day2,6255929,6340362,15.8
00241,p001,rainbow_08_fast,0,-1,file015_051840000_loc05_day2,663165,878630,-0.6
00242,p001,rainbow_08_highpitch,0,160000,file042_043200000_loc05_day4,638836,798836,10.3
00243,p001,rainbow_08_highpitch,160000,-1,file042_043200000_loc05_day4,798836,890883,10.3
00244,p001,rainbow_08_loud,0,160000,file091_000000000_loc38_day1,541252,701252,9.7
00245,p001,rainbow_08_loud,160000,-1,file091_000000000_loc38_day1,701252,801610,9.7
00246,p001,rainbow_08_lowpitch,0,160000,file230_020640000_loc07_day1,67215,227215,0.7
00247,p001,rainbow_08_lowpitch,160000,-1,file230_020640000_loc07_day1,227215,337116,0.7
00248,p001,rainbow_08_regular,0,160000,file014_012960000_loc05_day2,355612,515612,-0.2
00249,p001,rainbow_08_regular,160000,-1,file014_012960000_loc05_day2,515612,603173,-0.2
00250,p001,rainbow_08_slow,0,160000,file138_036000000_loc26_day1,51293,211293,14.6
00251,p001,rainbow_08_slow,160000,-1,file138_036000000_loc26_day1,211293,393729,14.6
00252,p001,rainbow_08_whisper,0,160000,file177_040320000_loc27_day1,764121,924121,12.8
00253,p001,rainbow_08_whisper,160000,-1,file177_040320000_loc27_day1,924121,1059203,12.8
00254,p001,sentences_01_fast,0,-1,file137_057600000_loc26_day1,59101,222652,10.5
00255,p001,sentences_01_highpitch,0,-1,file084_015360000_loc38_day1,360260,556048,15.2
00256,p001,sentences_01_loud,0,-1,file205_019680000_loc32_day1,887225,1093588,7.5
00257,p001,sentences_01_lowpitch,0,-1,file097_045120000_loc09_day1,551951,749909,-1.1
00258,p001,sentences_01_regular,0,-1,file085_000000000_loc38_day1,49115,249726,9.2
00259,p001,sentences_01_slow,0,160000,file039_036960000_loc05_day4,1197719,1357719,11.0
00260,p001,sentences_01_slow,160000,-1,file039_036960000_loc05_day4,1357719,1438045,11.0
00261,p001,sentences_01_whisper,0,-1,file099_019680000_loc09_day2,725948,942850,8.4
00262,p001,sentences_02_fast,0,-1,file113_013440000_loc16_day1,331593,522486,1.6
00263,p001,sentences_02_highpitch,0,-1,file055_000000000_loc04_day1,15683595,15903084,-0.5
00264,p001,sentences_02_loud,0,160000,file166_030720000_loc17_day1,385777,545777,11.2
00265,p001,sentences_02_loud,160000,-1,file166_030720000_loc17_day1,545777,612930,11.2
00266,p001,sentences_02_lowpitch,0,160000,file000_023040000_loc05_day1,25351,185351,5.2
00267,p001,sentences_02_lowpitch,160000,-1,file000_023040000_loc05_day1,185351,262521,5.2
00268,p001,sentences_02_regular,0,160000,file164_024960000_loc17_day1,207869,367869,13.8
00269,p001,sentences_02_regular,160000,-1,file164_024960000_loc17_day1,367869,499555,13.8
00270,p001,sentences_02_slow,0,160000,file012_057120000_loc05_day2,3267,163267,11.4
00271,p001,sentences_02_slow,160000,-1,file012_057120000_loc05_day2,163267,289457,11.4
00272,p001,sentences_02_whisper,0,160000,file137_045600000_loc26_day1,131484,291484,-1.7
00273,p001,sentences_02_whisper,160000,-1,file137_045600000_loc26_day1,291484,375510,-1.7
00274,p001,sentences_03_whisper,0,160000,file141_002880000_loc30_day1,3365884,3525884,3.1
00275,p001,sentences_03_whisper,160000,-1,file141_002880000_loc30_day1,3525884,3600569,3.1
00276,p001,sentences_04_whisper,0,160000,file226_006240000_loc07_day1,2640328,2800328,8.9
00277,p001,sentences_04_whisper,160000,-1,file226_006240000_loc07_day1,2800328,2895945,8.9
00278,p001,sentences_05_loud,0,-1,file032_000000000_loc06_day3,85999,286740,0.1
00279,p001,sentences_06_loud,0,160000,file021_006720000_loc05_day3,2000991,2160991,4.3
00280,p001,sentences_06_loud,160000,-1,file021_006720000_loc05_day3,2160991,2260150,4.3
00281,p001,sentences_07_slow,0,160000,file151_000480000_loc37_day1,61476,221476,2.3
00282,p001,sentences_07_slow,160000,-1,file151_000480000_loc37_day1,221476,331501,2.3
00283,p001,sentences_08_slow,0,160000,file042_049920000_loc05_day4,2511720,2671720,5.1
00284,p001,sentences_08_slow,160000,-1,file042_049920000_loc05_day4,2671720,2773736,5.1
00285,p001,sentences_09_fast,0,-1,file028_027840000_loc05_day3,178031,361248,5.3
00286,p001,sentences_10_fast,0,-1,file027_010560000_loc05_day3,1612818,1799883,5.3
00287,p001,sentences_11_highpitch,0,-1,file163_052320000_loc17_day1,417682,594157,-0.7
00288,p001,sentences_12_highpitch,0,-1,file228_055200000_loc07_day1,64895,262080,7.2
00289,p001,sentences_13_lowpitch,0,160000,file172_030720000_loc17_day2,7990340,8150340,3.4
00290,p001,sentences_13_lowpitch,160000,-1,file172_030720000_loc17_day2,8150340,8216778,3.4
00291,p001,sentences_14_lowpitch,0,-1,file115_000000000_loc19_day1,2763642,2971004,1.8
00292,p001,sentences_15_regular,0,-1,file114_000000000_loc18_day1,2386488,2540924,-0.2
00293,p001,sentences_16_regular,0,-1,file248_000000000_loc24_day1,12331942,12497860,17.4
00294,p001,sentences_17_regular,0,-1,file136_018240000_loc26_day1,941218,1133557,15.3
00295,p001,sentences_18_regular,0,-1,file135_044160000_loc23_day2,1776203,1975734,11.3
00296,p001,sentences_19_regular,0,-1,file017_007680000_loc05_day2,2825104,3004053,-0.5
00297,p001,sentences_20_regular,0,-1,file015_005760000_loc05_day2,177804,393987,2.0
00298,p001,sentences_21_regular,0,-1,file154_000000000_loc37_day1,805497,995022,0.4
00299,p001,sentences_22_regular,0,160000,file195_046080000_loc33_day1,1365413,1525413,17.2
00300,p001,sentences_22_regular,160000,-1,file195_046080000_loc33_day1,1525413,1596075,17.2
00301,p001,sentences_23_regular,0,-1,file233_039360000_loc25_day1,157504,369401,15.1
00302,p001,sentences_24_regular,0,-1,file044_000000000_loc05_day4,6983896,7154100,9.3
00303,p002,emo_adoration_freeform,0,160000,file160_036000000_loc43_day1,8415398,8575398,6.0
00304,p002,emo_adoration_freeform,160000,-1,file160_036000000_loc43_day1,8575398,8645131,6.0
00305,p002,emo_adoration_sentences,0,-1,file230_029760000_loc07_day1,3197,159433,7.4
00306,p002,emo_amazement_freeform,0,-1,file040_005760000_loc05_day4,140507,358315,8.9
00307,p002,emo_amazement_sentences,0,-1,file209_021600000_loc15_day1,156542,265030,10.5
00308,p002,emo_amusement_freeform,0,160000,file052_042720000_loc04_day1,866651,1026651,16.7
00309,p002,emo_amusement_freeform,160000,-1,file052_042720000_loc04_day1,1026651,1199697,16.7
00310,p002,emo_amusement_sentences,0,-1,file167_006240000_loc17_day1,823,139914,8.1
00311,p002,emo_anger_freeform,0,-1,file194_029760000_loc33_day1,67641,264793,-2.3
00312,p002,emo_anger_sentences,0,-1,file057_009120000_loc10_day1,34620,205572,4.0
00313,p002,emo_confusion_freeform,0,160000,file124_000000000_loc19_day3,93396,253396,17.4
00314,p002,emo_confusion_freeform,160000,-1,file124_000000000_loc19_day3,253396,357674,17.4
00315,p002,emo_confusion_sentences,0,-1,file014_016320000_loc05_day2,423570,532796,16.9
00316,p002,emo_contentment_freeform,0,160000,file194_036000000_loc33_day1,17640,177640,1.8
00317,p002,emo_contentment_freeform,160000,-1,file194_036000000_loc33_day1,177640,309092,1.8
00318,p002,emo_contentment_sentences,0,-1,file027_040800000_loc05_day3,501108,615902,11.4
00319,p002,emo_cuteness_freeform,0,160000,file176_033600000_loc27_day1,7177545,7337545,16.5
00320,p002,emo_cuteness_freeform,160000,-1,file176_033600000_loc27_day1,7337545,7438692,16.5
00321,p002,emo_cuteness_sentences,0,-1,file164_029280000_loc17_day1,286103,424663,9.9
00322,p002,emo_desire_freeform,0,160000,file236_000000000_loc08_day1,2667867,2827867,10.4
00323,p002,emo_desire_freeform,160000,-1,file236_000000000_loc08_day1,2827867,2902105,10.4
00324,p002,emo_desire_sentences,0,-1,file035_000000000_loc06_day3,1344027,1479691,-0.9
00325,p002,emo_disappointment_freeform,0,160000,file204_041280000_loc32_day1,497562,657562,11.5
00326,p002,emo_disappointment_freeform,160000,-1,file204_041280000_loc32_day1,657562,779114,11.5
00327,p002,emo_disappointment_sentences,0,-1,file098_031680000_loc09_day2,4010912,4183252,5.7
00328,p002,emo_disgust_freeform,0,160000,file022_000000000_loc05_day3,82844,242844,0.2
00329,p002,emo_disgust_freeform,160000,-1,file022_000000000_loc05_day3,242844,380268,0.2
00330,p002,emo_disgust_sentences,0,-1,file200_012480000_loc03_day1,13021573,13170883,16.5
00331,p002,emo_distress_freeform,0,160000,file089_000000000_loc38_day1,5187480,5347480,5.9
00332,p002,emo_distress_freeform,160000,-1,file089_000000000_loc38_day1,5347480,5446078,5.9
00333,p002,emo_distress_sentences,0,-1,file194_042720000_loc33_day1,56570,217819,-1.6
00334,p002,emo_embarassment_freeform,0,-1,file039_022560000_loc05_day4,61813,277451,13.7
00335,p002,emo_embarassment_sentences,0,-1,file117_033600000_loc19_day1,7468810,7636274,9.4
00336,p002,emo_extasy_freeform,0,160000,file147_075360000_loc34_day1,5001045,5161045,14.1
00337,p002,emo_extasy_freeform,160000,-1,file147_075360000_loc34_day1,5161045,5254263,14.1
00338,p002,emo_extasy_sentences,0,-1,file188_044640000_loc41_day1,4345760,4491303,6.9
00339,p002,emo_fear_freeform,0,-1,file116_022080000_loc19_day1,8389012,8569593,-1.4
00340,p002,emo_fear_sentences,0,-1,file209_021600000_loc15_day1,715460,888634,17.5
00341,p002,emo_guilt_freeform,0,-1,file240_000000000_loc02_day1,14441444,14648106,12.0
00342,p002,emo_guilt_sentences,0,-1,file054_039360000_loc04_day1,13456,125476,2.3
00343,p002,emo_interest_freeform,0,160000,file084_031680000_loc38_day1,2000896,2160896,16.6
00344,p002,emo_interest_freeform,160000,-1,file084_031680000_loc38_day1,2160896,2263886,16.6
00345,p002,emo_interest_sentences,0,-1,file091_027840000_loc38_day1,4544,143262,10.9
00346,p002,emo_neutral_freeform,0,160000,file209_056640000_loc15_day1,138311,298311,-2.1
00347,p002,emo_neutral_freeform,160000,-1,file209_056640000_loc15_day1,298311,382329,-2.1
00348,p002,emo_neutral_sentences,0,-1,file069_001920000_loc10_day3,586165,729788,12.9
00349,p002,emo_pain_freeform,0,-1,file014_021120000_loc05_day2,106884,314536,-0.7
00350,p002,emo_pain_sentences,0,-1,file070_053760000_loc29_day1,281342,414588,-1.9
00351,p002,emo_pride_freeform,0,160000,file219_051360000_loc28_day1,485450,645450,1.8
00352,p002,emo_pride_freeform,160000,-1,file219_051360000_loc28_day1,645450,741416,1.8
00353,p002,emo_pride_sentences,0,-1,file081_000000000_loc36_day1,6949,175240,9.7
00354,p002,emo_realization_freeform,0,160000,file090_066720000_loc38_day1,1503678,1663678,12.0
00355,p002,emo_realization_freeform,160000,-1,file090_066720000_loc38_day1,1663678,1854156,12.0
00356,p002,emo_realization_sentences,0,-1,file239_000000000_loc02_day1,1932247,2142361,15.7
00357,p002,emo_relief_freeform,0,160000,file188_001920000_loc41_day1,707689,867689,14.7
00358,p002,emo_relief_freeform,160000,-1,file188_001920000_loc41_day1,867689,948714,14.7
00359,p002,emo_relief_sentences,0,-1,file088_017760000_loc38_day1,433027,581848,6.7
00360,p002,emo_sadness_freeform,0,160000,file086_035040000_loc38_day1,1854971,2014971,-1.2
00361,p002,emo_sadness_freeform,160000,-1,file086_035040000_loc38_day1,2014971,2129327,-1.2
00362,p002,emo_sadness_sentences,0,-1,file101_019200000_loc09_day2,73477,247002,7.4
00363,p002,emo_serenity_freeform,0,-1,file194_045600000_loc33_day1,429802,636955,9.1
00364,p002,emo_serenity_sentences,0,-1,file038_051840000_loc05_day4,24214,156727,0.1
00365,p002,freeform_speech_01,0,160000,file137_012480000_loc26_day1,666997,826997,11.5
00366,p002,freeform_speech_01,160000,320000,file137_012480000_loc26_day1,826997,986997,11.5
00367,p002,freeform_speech_01,320000,480000,file137_012480000_loc26_day1,986997,1146997,11.5
00368,p002,freeform_speech_01,480000,640000,file137_012480000_loc26_day1,1146997,1306997,11.5
00369,p002,freeform_speech_01,640000,800000,file137_012480000_loc26_day1,1306997,1466997,11.5
00370,p002,freeform_speech_01,800000,960000,file137_012480000_loc26_day1,1466997,1626997,11.5
00371,p002,freeform_speech_01,960000,1120000,file137_012480000_loc26_day1,1626997,1786997,11.5
00372,p002,freeform_speech_01,1120000,1280000,file137_012480000_loc26_day1,1786997,1946997,11.5
00373,p002,freeform_speech_01,1280000,1440000,file137_012480000_loc26_day1,1946997,2106997,11.5
00374,p002,freeform_speech_01,1440000,1600000,file137_012480000_loc26_day1,2106997,2266997,11.5
00375,p002,freeform_speech_01,1600000,1760000,file137_012480000_loc26_day1,2266997,2426997,11.5
00376,p002,freeform_speech_01,1760000,1920000,file137_012480000_loc26_day1,2426997,2586997,11.5
00377,p002,freeform_speech_01,1920000,2080000,file137_012480000_loc26_day1,2586997,2746997,11.5
00378,p002,freeform_speech_01,2080000,2240000,file137_012480000_loc26_day1,2746997,2906997,11.5
00379,p002,freeform_speech_01,2240000,2400000,file137_012480000_loc26_day1,2906997,3066997,11.5
00380,p002,freeform_speech_01,2400000,2560000,file137_012480000_loc26_day1,3066997,3226997,11.5
00381,p002,freeform_speech_01,2560000,2720000,file137_012480000_loc26_day1,3226997,3386997,11.5
00382,p002,freeform_speech_01,2720000,2880000,file137_012480000_loc26_day1,3386997,3546997,11.5
00383,p002,freeform_speech_01,2880000,-1,file137_012480000_loc26_day1,3546997,3618783,11.5
00384,p002,freeform_speech_02,0,160000,file222_000000000_loc20_day1,8234679,8394679,5.7
00385,p002,freeform_speech_02,160000,320000,file222_000000000_loc20_day1,8394679,8554679,5.7
00386,p002,freeform_speech_02,320000,480000,file222_000000000_loc20_day1,8554679,8714679,5.7
00387,p002,freeform_speech_02,480000,640000,file222_000000000_loc20_day1,8714679,8874679,5.7
00388,p002,freeform_speech_02,640000,800000,file222_000000000_loc20_day1,8874679,9034679,5.7
00389,p002,freeform_speech_02,800000,960000,file222_000000000_loc20_day1,9034679,9194679,5.7
00390,p002,freeform_speech_02,960000,1120000,file222_000000000_loc20_day1,9194679,9354679,5.7
00391,p002,freeform_speech_02,1120000,1280000,file222_000000000_loc20_day1,9354679,9514679,5.7
00392,p002,freeform_speech_02,1280000,1440000,file222_000000000_loc20_day1,9514679,9674679,5.7
00393,p002,freeform_speech_02,1440000,1600000,file222_000000000_loc20_day1,9674679,9834679,5.7
00394,p002,freeform_speech_02,1600000,1760000,file222_000000000_loc20_day1,9834679,9994679,5.7
00395,p002,freeform_speech_02,1760000,1920000,file222_000000000_loc20_day1,9994679,10154679,5.7
00396,p002,freeform_speech_02,1920000,2080000,file222_000000000_loc20_day1,10154679,10314679,5.7
00397,p002,freeform_speech_02,2080000,2240000,file222_000000000_loc20_day1,10314679,10474679,5.7
00398,p002,freeform_speech_02,2240000,2400000,file222_000000000_loc20_day1,10474679,10634679,5.7
00399,p002,freeform_speech_02,2400000,2560000,file222_000000000_loc20_day1,10634679,10794679,5.7
00400,p002,freeform_speech_02,2560000,2720000,file222_000000000_loc20_day1,10794679,10954679,5.7
00401,p002,freeform_speech_02,2720000,-1,file222_000000000_loc20_day1,10954679,11096033,5.7
00402,p002,freeform_speech_03,0,160000,file120_004320000_loc19_day2,57108,217108,0.9
00403,p002,freeform_speech_03,160000,320000,file120_004320000_loc19_day2,217108,377108,0.9
00404,p002,freeform_speech_03,320000,480000,file120_004320000_loc19_day2,377108,537108,0.9
00405,p002,freeform_speech_03,480000,640000,file120_004320000_loc19_day2,537108,697108,0.9
00406,p002,freeform_speech_03,640000,800000,file120_004320000_loc19_day2,697108,857108,0.9
00407,p002,freeform_speech_03,800000,960000,file120_004320000_loc19_day2,857108,1017108,0.9
00408,p002,freeform_speech_03,960000,1120000,file120_004320000_loc19_day2,1017108,1177108,0.9
00409,p002,freeform_speech_03,1120000,1280000,file120_004320000_loc19_day2,1177108,1337108,0.9
00410,p002,freeform_speech_03,1280000,1440000,file120_004320000_loc19_day2,1337108,1497108,0.9
00411,p002,freeform_speech_03,1440000,1600000,file120_004320000_loc19_day2,1497108,1657108,0.9
00412,p002,freeform_speech_03,1600000,1760000,file120_004320000_loc19_day2,1657108,1817108,0.9
00413,p002,freeform_speech_03,1760000,1920000,file120_004320000_loc19_day2,1817108,1977108,0.9
00414,p002,freeform_speech_03,1920000,2080000,file120_004320000_loc19_day2,1977108,2137108,0.9
00415,p002,freeform_speech_03,2080000,2240000,file120_004320000_loc19_day2,2137108,2297108,0.9
00416,p002,freeform_speech_03,2240000,2400000,file120_004320000_loc19_day2,2297108,2457108,0.9
00417,p002,freeform_speech_03,2400000,2560000,file120_004320000_loc19_day2,2457108,2617108,0.9
00418,p002,freeform_speech_03,2560000,2720000,file120_004320000_loc19_day2,2617108,2777108,0.9
00419,p002,freeform_speech_03,2720000,-1,file120_004320000_loc19_day2,2777108,2932600,0.9
00420,p002,freeform_speech_04,0,160000,file094_046080000_loc09_day1,285205,445205,-0.7
00421,p002,freeform_speech_04,160000,320000,file094_046080000_loc09_day1,445205,605205,-0.7
00422,p002,freeform_speech_04,320000,480000,file094_046080000_loc09_day1,605205,765205,-0.7
00423,p002,freeform_speech_04,480000,640000,file094_046080000_loc09_day1,765205,925205,-0.7
00424,p002,freeform_speech_04,640000,800000,file094_046080000_loc09_day1,925205,1085205,-0.7
00425,p002,freeform_speech_04,800000,960000,file094_046080000_loc09_day1,1085205,1245205,-0.7
00426,p002,freeform_speech_04,960000,1120000,file094_046080000_loc09_day1,1245205,1405205,-0.7
00427,p002,freeform_speech_04,1120000,1280000,file094_046080000_loc09_day1,1405205,1565205,-0.7
00428,p002,freeform_speech_04,1280000,1440000,file094_046080000_loc09_day1,1565205,1725205,-0.7
00429,p002,freeform_speech_04,1440000,1600000,file094_046080000_loc09_day1,1725205,1885205,-0.7
00430,p002,freeform_speech_04,1600000,1760000,file094_046080000_loc09_day1,1885205,2045205,-0.7
00431,p002,freeform_speech_04,1760000,1920000,file094_046080000_loc09_day1,2045205,2205205,-0.7
00432,p002,freeform_speech_04,1920000,2080000,file094_046080000_loc09_day1,2205205,2365205,-0.7
00433,p002,freeform_speech_04,2080000,2240000,file094_046080000_loc09_day1,2365205,2525205,-0.7
00434,p002,freeform_speech_04,2240000,2400000,file094_046080000_loc09_day1,2525205,2685205,-0.7
00435,p002,freeform_speech_04,2400000,2560000,file094_046080000_loc09_day1,2685205,2845205,-0.7
00436,p002,freeform_speech_04,2560000,2720000,file094_046080000_loc09_day1,2845205,3005205,-0.7
00437,p002,freeform_speech_04,2720000,-1,file094_046080000_loc09_day1,3005205,3182190,-0.7
00438,p002,freeform_speech_05,0,160000,file080_033120000_loc36_day1,149849,309849,15.4
00439,p002,freeform_speech_05,160000,320000,file080_033120000_loc36_day1,309849,469849,15.4
00440,p002,freeform_speech_05,320000,480000,file080_033120000_loc36_day1,469849,629849,15.4
00441,p002,freeform_speech_05,480000,640000,file080_033120000_loc36_day1,629849,789849,15.4
00442,p002,freeform_speech_05,640000,800000,file080_033120000_loc36_day1,789849,949849,15.4
00443,p002,freeform_speech_05,800000,960000,file080_033120000_loc36_day1,949849,1109849,15.4
00444,p002,freeform_speech_05,960000,1120000,file080_033120000_loc36_day1,1109849,1269849,15.4
00445,p002,freeform_speech_05,1120000,1280000,file080_033120000_loc36_day1,1269849,1429849,15.4
00446,p002,freeform_speech_05,1280000,1440000,file080_033120000_loc36_day1,1429849,1589849,15.4
00447,p002,freeform_speech_05,1440000,1600000,file080_033120000_loc36_day1,1589849,1749849,15.4
00448,p002,freeform_speech_05,1600000,1760000,file080_033120000_loc36_day1,1749849,1909849,15.4
00449,p002,freeform_speech_05,1760000,1920000,file080_033120000_loc36_day1,1909849,2069849,15.4
00450,p002,freeform_speech_05,1920000,2080000,file080_033120000_loc36_day1,2069849,2229849,15.4
00451,p002,freeform_speech_05,2080000,2240000,file080_033120000_loc36_day1,2229849,2389849,15.4
00452,p002,freeform_speech_05,2240000,2400000,file080_033120000_loc36_day1,2389849,2549849,15.4
00453,p002,freeform_speech_05,2400000,2560000,file080_033120000_loc36_day1,2549849,2709849,15.4
00454,p002,freeform_speech_05,2560000,2720000,file080_033120000_loc36_day1,2709849,2869849,15.4
00455,p002,freeform_speech_05,2720000,-1,file080_033120000_loc36_day1,2869849,3009539,15.4
00456,p002,freeform_speech_06,0,160000,file239_000000000_loc02_day1,1222869,1382869,-0.9
00457,p002,freeform_speech_06,160000,320000,file239_000000000_loc02_day1,1382869,1542869,-0.9
00458,p002,freeform_speech_06,320000,480000,file239_000000000_loc02_day1,1542869,1702869,-0.9
00459,p002,freeform_speech_06,480000,640000,file239_000000000_loc02_day1,1702869,1862869,-0.9
00460,p002,freeform_speech_06,640000,800000,file239_000000000_loc02_day1,1862869,2022869,-0.9
00461,p002,freeform_speech_06,800000,960000,file239_000000000_loc02_day1,2022869,2182869,-0.9
00462,p002,freeform_speech_06,960000,1120000,file239_000000000_loc02_day1,2182869,2342869,-0.9
00463,p002,freeform_speech_06,1120000,1280000,file239_000000000_loc02_day1,2342869,2502869,-0.9
00464,p002,freeform_speech_06,1280000,1440000,file239_000000000_loc02_day1,2502869,2662869,-0.9
00465,p002,freeform_speech_06,1440000,1600000,file239_000000000_loc02_day1,2662869,2822869,-0.9
00466,p002,freeform_speech_06,1600000,1760000,file239_000000000_loc02_day1,2822869,2982869,-0.9
00467,p002,freeform_speech_06,1760000,1920000,file239_000000000_loc02_day1,2982869,3142869,-0.9
00468,p002,freeform_speech_06,1920000,2080000,file239_000000000_loc02_day1,3142869,3302869,-0.9
00469,p002,freeform_speech_06,2080000,2240000,file239_000000000_loc02_day1,3302869,3462869,-0.9
00470,p002,freeform_speech_06,2240000,2400000,file239_000000000_loc02_day1,3462869,3622869,-0.9
00471,p002,freeform_speech_06,2400000,2560000,file239_000000000_loc02_day1,3622869,3782869,-0.9
00472,p002,freeform_speech_06,2560000,2720000,file239_000000000_loc02_day1,3782869,3942869,-0.9
00473,p002,freeform_speech_06,2720000,-1,file239_000000000_loc02_day1,3942869,4109909,-0.9
00474,p002,rainbow_01_fast,0,-1,file227_047040000_loc07_day1,150334,289626,5.0
00475,p002,rainbow_01_highpitch,0,-1,file196_005760000_loc33_day1,6947,159429,13.6
00476,p002,rainbow_01_loud,0,-1,file123_017280000_loc19_day3,3982588,4137614,17.2
00477,p002,rainbow_01_lowpitch,0,-1,file104_037920000_loc09_day2,917559,1075877,7.2
00478,p002,rainbow_01_regular,0,-1,file046_049920000_loc05_day4,67661,212078,6.8
00479,p002,rainbow_01_slow,0,-1,file232_084960000_loc25_day1,266765,459891,0.5
00480,p002,rainbow_01_whisper,0,-1,file167_000960000_loc17_day1,280174,458009,14.4
00481,p002,rainbow_02_fast,0,-1,file137_028320000_loc26_day1,118033,273895,6.4
00482,p002,rainbow_02_highpitch,0,-1,file032_000000000_loc06_day3,166926,326802,-0.4
00483,p002,rainbow_02_loud,0,-1,file025_046080000_loc05_day3,90825,282382,8.8
00484,p002,rainbow_02_lowpitch,0,-1,file047_028800000_loc05_day4,770173,945037,-0.1
00485,p002,rainbow_02_regular,0,-1,file042_049920000_loc05_day4,1447960,1648968,11.1
00486,p002,rainbow_02_slow,0,-1,file209_042240000_loc15_day1,125036,345563,7.1
00487,p002,rainbow_02_whisper,0,-1,file059_008640000_loc12_day1,26069,225105,9.2
00488,p002,rainbow_03_fast,0,-1,file208_000000000_loc14_day1,72274,245630,5.1
00489,p002,rainbow_03_highpitch,0,-1,file122_024960000_loc19_day2,84659,282714,10.4
00490,p002,rainbow_03_loud,0,-1,file218_000000000_loc21_day1,9192300,9369256,4.1
00491,p002,rainbow_03_lowpitch,0,-1,file187_039360000_loc41_day1,944789,1147023,2.0
00492,p002,rainbow_03_regular,0,-1,file121_039360000_loc19_day2,77149,273658,1.2
00493,p002,rainbow_03_slow,0,160000,file227_047040000_loc07_day1,27446,187446,14.3
00494,p002,rainbow_03_slow,160000,-1,file227_047040000_loc07_day1,187446,272782,14.3
00495,p002,rainbow_03_whisper,0,-1,file056_053760000_loc10_day1,1033255,1239965,11.4
00496,p002,rainbow_04_fast,0,-1,file071_015840000_loc29_day1,540677,733992,5.5
00497,p002,rainbow_04_highpitch,0,-1,file108_000000000_loc16_day1,5986126,6183789,13.8
00498,p002,rainbow_04_loud,0,-1,file193_014880000_loc00_day1,1030117,1236980,10.9
00499,p002,rainbow_04_lowpitch,0,-1,file236_021600000_loc08_day1,525134,729401,8.2
00500,p002,rainbow_04_regular,0,160000,file040_055200000_loc05_day4,874668,1034668,12.9
00501,p002,rainbow_04_regular,160000,-1,file040_055200000_loc05_day4,1034668,1101477,12.9
00502,p002,rainbow_04_slow,0,160000,file150_030720000_loc37_day1,64323,224323,6.0
00503,p002,rainbow_04_slow,160000,-1,file150_030720000_loc37_day1,224323,321450,6.0
00504,p002,rainbow_04_whisper,0,-1,file057_054720000_loc10_day1,235659,445114,-0.2
00505,p002,rainbow_05_fast,0,-1,file032_015360000_loc06_day3,241983,447453,-0.8
00506,p002,rainbow_05_highpitch,0,-1,file057_001920000_loc10_day1,105292,319552,8.2
00507,p002,rainbow_05_loud,0,160000,file128_029760000_loc23_day1,2686985,2846985,8.5
00508,p002,rainbow_05_loud,160000,-1,file128_029760000_loc23_day1,2846985,2917789,8.5
00509,p002,rainbow_05_lowpitch,0,160000,file150_056640000_loc37_day1,5287,165287,13.7
00510,p002,rainbow_05_lowpitch,160000,-1,file150_056640000_loc37_day1,165287,255657,13.7
00511,p002,rainbow_05_regular,0,160000,file014_038880000_loc05_day2,63076,223076,-2.4
00512,p002,rainbow_05_regular,160000,-1,file014_038880000_loc05_day2,223076,300202,-2.4
00513,p002,rainbow_05_slow,0,160000,file124_038400000_loc19_day3,93070,253070,6.9
00514,p002,rainbow_05_slow,160000,-1,file124_038400000_loc19_day3,253070,365625,6.9
00515,p002,rainbow_05_whisper,0,160000,file237_000000000_loc08_day1,1090654,1250654,16.1
00516,p002,rainbow_05_whisper,160000,-1,file237_000000000_loc08_day1,1250654,1335702,16.1
00517,p002,rainbow_06_fast,0,-1,file104_000000000_loc09_day2,464008,632385,1.6
00518,p002,rainbow_06_highpitch,0,-1,file200_012480000_loc03_day1,12195111,12358405,11.9
00519,p002,rainbow_06_loud,0,-1,file038_031200000_loc05_day4,58596,219423,1.5
00520,p002,rainbow_06_lowpitch,0,-1,file194_042720000_loc33_day1,86740,258762,1.2
00521,p002,rainbow_06_regular,0,-1,file086_020640000_loc38_day1,499097,682270,15.7
00522,p002,rainbow_06_slow,0,-1,file248_000000000_loc24_day1,14150033,14346462,13.8
00523,p002,rainbow_06_whisper,0,-1,file095_000000000_loc09_day1,1088287,1280783,6.8
00524,p002,rainbow_07_fast,0,160000,file231_000000000_loc25_day1,218134,378134,6.3
00525,p002,rainbow_07_fast,160000,-1,file231_000000000_loc25_day1,378134,448789,6.3
00526,p002,rainbow_07_highpitch,0,160000,file021_030240000_loc05_day3,438774,598774,8.1
00527,p002,rainbow_07_highpitch,160000,-1,file021_030240000_loc05_day3,598774,665441,8.1
00528,p002,rainbow_07_loud,0,160000,file185_043200000_loc41_day1,92263,252263,10.0
00529,p002,rainbow_07_loud,160000,-1,file185_043200000_loc41_day1,252263,331363,10.0
00530,p002,rainbow_07_lowpitch,0,-1,file121_002400000_loc19_day2,223810,446877,10.1
00531,p002,rainbow_07_regular,0,160000,file207_000000000_loc14_day1,343054,503054,15.1
00532,p002,rainbow_07_regular,160000,-1,file207_000000000_loc14_day1,503054,596371,15.1
00533,p002,rainbow_07_slow,0,160000,file137_057600000_loc26_day1,25053,185053,15.4
00534,p002,rainbow_07_slow,160000,-1,file137_057600000_loc26_day1,185053,295781,15.4
00535,p002,rainbow_07_whisper,0,160000,file186_000000000_loc41_day1,272933,432933,12.5
00536,p002,rainbow_07_whisper,160000,-1,file186_000000000_loc41_day1,432933,536222,12.5
00537,p002,rainbow_08_fast,0,-1,file019_036000000_loc05_day3,32154,254740,12.4
00538,p002,rainbow_08_highpitch,0,160000,file160_074400000_loc43_day1,3177993,3337993,7.4
00539,p002,rainbow_08_highpitch,160000,-1,file160_074400000_loc43_day1,3337993,3403482,7.4
00540,p002,rainbow_08_loud,0,160000,file153_035520000_loc37_day1,1496972,1656972,-0.3
00541,p002,rainbow_08_loud,160000,-1,file153_035520000_loc37_day1,1656972,1779748,-0.3
00542,p002,rainbow_08_lowpitch,0,160000,file059_008640000_loc12_day1,202967,362967,9.6
00543,p002,rainbow_08_lowpitch,160000,-1,file059_008640000_loc12_day1,362967,468259,9.6
00544,p002,rainbow_08_regular,0,160000,file005_004320000_loc05_day1,282247,442247,0.5
00545,p002,rainbow_08_regular,160000,-1,file005_004320000_loc05_day1,442247,590964,0.5
00546,p002,rainbow_08_slow,0,160000,file229_056160000_loc07_day1,101195,261195,12.9
00547,p002,rainbow_08_slow,160000,-1,file229_056160000_loc07_day1,261195,427687,12.9
00548,p002,rainbow_08_whisper,0,160000,file137_012480000_loc26_day1,2530034,2690034,8.8
00549,p002,rainbow_08_whisper,160000,-1,file137_012480000_loc26_day1,2690034,2824242,8.8
00550,p002,sentences_01_fast,0,-1,file071_002400000_loc29_day1,595603,773509,1.1
00551,p002,sentences_01_highpitch,0,-1,file210_007680000_loc15_day1,1103894,1282883,6.7
00552,p002,sentences_01_loud,0,-1,file137_028320000_loc26_day1,206988,400315,0.3
00553,p002,sentences_01_lowpitch,0,-1,file249_007200000_loc24_day1,670688,864643,-2.1
00554,p002,sentences_01_regular,0,-1,file097_042240000_loc09_day1,211951,419864,11.4
00555,p002,sentences_01_slow,0,-1,file021_019200000_loc05_day3,890695,1103057,10.5
00556,p002,sentences_01_whisper,0,-1,file021_006720000_loc05_day3,1769246,1971679,9.6
00557,p002,sentences_02_fast,0,-1,file140_046080000_loc26_day1,498716,691531,-0.4
00558,p002,sentences_02_highpitch,0,-1,file069_029760000_loc10_day3,178954,385934,6.5
00559,p002,sentences_02_loud,0,-1,file051_048960000_loc04_day1,132717,344822,1.2
00560,p002,sentences_02_lowpitch,0,-1,file187_084000000_loc41_day1,100158,312886,3.7
00561,p002,sentences_02_regular,0,160000,file118_004800000_loc18_day2,10418062,10578062,5.5
00562,p002,sentences_02_regular,160000,-1,file118_004800000_loc18_day2,10578062,10671681,5.5
00563,p002,sentences_02_slow,0,160000,file044_039360000_loc05_day4,57545,217545,13.6
00564,p002,sentences_02_slow,160000,-1,file044_039360000_loc05_day4,217545,319540,13.6
00565,p002,sentences_02_whisper,0,160000,file046_000000000_loc05_day4,6304680,6464680,-0.2
00566,p002,sentences_02_whisper,160000,-1,file046_000000000_loc05_day4,6464680,6535026,-0.2
00567,p002,sentences_03_whisper,0,-1,file108_000000000_loc16_day1,3678086,3880809,4.4
00568,p002,sentences_04_whisper,0,160000,file013_000960000_loc05_day2,36368,196368,9.2
00569,p002,sentences_04_whisper,160000,-1,file013_000960000_loc05_day2,196368,284616,9.2
00570,p002,sentences_05_loud,0,-1,file056_012000000_loc10_day1,11137786,11359950,0.3
00571,p002,sentences_06_loud,0,160000,file020_019680000_loc05_day3,329670,489670,0.8
00572,p002,sentences_06_loud,160000,-1,file020_019680000_loc05_day3,489670,565186,0.8
00573,p002,sentences_07_slow,0,160000,file166_055200000_loc17_day1,46240,206240,4.7
00574,p002,sentences_07_slow,160000,-1,file166_055200000_loc17_day1,206240,295012,4.7
00575,p002,sentences_08_slow,0,160000,file147_075360000_loc34_day1,6034069,6194069,1.9
00576,p002,sentences_08_slow,160000,-1,file147_075360000_loc34_day1,6194069,6307680,1.9
00577,p002,sentences_09_fast,0,-1,file068_026880000_loc10_day3,46163,222518,6.7
00578,p002,sentences_10_fast,0,-1,file096_036960000_loc09_day1,5398869,5594125,-0.8
00579,p002,sentences_11_highpitch,0,-1,file188_064800000_loc41_day1,1574623,1758673,-1.2
00580,p002,sentences_12_highpitch,0,-1,file095_011040000_loc09_day1,3956602,4149320,13.5
00581,p002,sentences_13_lowpitch,0,-1,file082_026880000_loc36_day1,1968797,2173700,1.3
00582,p002,sentences_14_lowpitch,0,-1,file001_035520000_loc05_day1,5857565,6064060,14.2
00583,p002,sentences_15_regular,0,-1,file058_053760000_loc10_day1,64077,238557,11.8
00584,p002,sentences_16_regular,0,-1,file159_039840000_loc43_day1,2659440,2826532,5.5
00585,p002,sentences_17_regular,0,-1,file210_013440000_loc15_day1,65155,268193,1.1
00586,p002,sentences_18_regular,0,-1,file016_047040000_loc05_day2,1359490,1553486,5.0
00587,p002,sentences_19_regular,0,-1,file070_024480000_loc29_day1,183675,364946,13.5
00588,p002,sentences_20_regular,0,-1,file016_047040000_loc05_day2,652465,861993,14.8
00589,p002,sentences_21_regular,0,-1,file236_000000000_loc08_day1,1256182,1436097,2.6
00590,p002,sentences_22_regular,0,-1,file141_040320000_loc30_day1,770044,978560,9.4
00591,p002,sentences_23_regular,0,-1,file067_049920000_loc10_day3,68836,262328,1.1
00592,p002,sentences_24_regular,0,-1,file087_000000000_loc38_day1,2694946,2869117,2.4
